-- phpMyAdmin SQL Dump
-- version 5.0.2
-- https://www.phpmyadmin.net/
--
-- Hôte : 127.0.0.1:3306
-- Généré le : jeu. 07 jan. 2021 à 19:02
-- Version du serveur :  5.7.31
-- Version de PHP : 7.3.21

SET SQL_MODE = "NO_AUTO_VALUE_ON_ZERO";
START TRANSACTION;
SET time_zone = "+00:00";


/*!40101 SET @OLD_CHARACTER_SET_CLIENT=@@CHARACTER_SET_CLIENT */;
/*!40101 SET @OLD_CHARACTER_SET_RESULTS=@@CHARACTER_SET_RESULTS */;
/*!40101 SET @OLD_COLLATION_CONNECTION=@@COLLATION_CONNECTION */;
/*!40101 SET NAMES utf8mb4 */;

--
-- Base de données : `jojo`
--

-- --------------------------------------------------------

--
-- Structure de la table `character`
--

DROP TABLE IF EXISTS `character`;
CREATE TABLE IF NOT EXISTS `character` (
  `id` int(11) NOT NULL AUTO_INCREMENT,
  `stand_name_id` int(11) DEFAULT NULL,
  `name` varchar(255) COLLATE utf8mb4_unicode_ci NOT NULL,
  `picture` varchar(255) COLLATE utf8mb4_unicode_ci DEFAULT NULL,
  `age` int(11) DEFAULT NULL,
  `size` double DEFAULT NULL,
  `description` longtext COLLATE utf8mb4_unicode_ci,
  PRIMARY KEY (`id`),
  UNIQUE KEY `UNIQ_937AB0341080E312` (`stand_name_id`)
) ENGINE=InnoDB AUTO_INCREMENT=32 DEFAULT CHARSET=utf8mb4 COLLATE=utf8mb4_unicode_ci;

--
-- Déchargement des données de la table `character`
--

INSERT INTO `character` (`id`, `stand_name_id`, `name`, `picture`, `age`, `size`, `description`) VALUES
(1, 6, 'Dio Brando', 'https://cdn.myanimelist.net/images/characters/10/252875.jpg', NULL, NULL, 'Dio est un manipulateur de première ordre, il est sadique, mégalomane, ambitieux, il aime dominer et ne semble éprouver aucune empathie. Cependant, il est capable de respecter les personnes qu\'il juge digne de lui, comme Jonathan et se montre bon avec les gens qui le servent bien, comme Enrico Pucci.\r\n\r\nDio est également très intelligent et est un tacticien hors-pair.\r\n\r\nEnfin, quand quelqu\'un ou quelque chose s\'oppose à lui, il tentera d\'abord de convaincre l\'opposant de le rejoindre, puis de le manipuler et enfin de le détruire si les deux premières solutions ne marchent pas. Ce n\'est pas par peur qu\'il fait cela, mais plutôt par pragmatisme ou par manque d\'intérêt envers un adversaire indigne.'),
(2, NULL, 'Jonathan Joestar', 'https://cdn.myanimelist.net/images/characters/10/182715.jpg', NULL, NULL, 'Gentil, positif, candide et naïf à certains moments, Jonathan a un état ​​d\'esprit où il tente d\'imaginer les conséquences que ses actes auraient sur d\'autres personnes, même si ces personnes sont des ennemis. Il est doux, sympathique, innocent et pur. Il éprouve de l\'empathie même lorsqu\'il défait un zombie.  En dépit de son habileté au combat,  jamais il ne fera de mal physique à une personne inutilement, bien qu\'il soit capable de comprendre que parfois cela peut être nécessaire. Jonathan possède aussi une force intérieure féroce et la volonté d\'affronter et surmonter tout les conflits, ce que Dio appelle une \"Puissance Explosive\". En fin de compte, même après tout ce que Dio a fait, Jonathan le considère toujours comme son frère, et verse des larmes pour lui à la fin de son combat. Sa nature courtoise, sa force mentale ainsi que sa capacité à résister à la peur et la douleur sont les principales raisons pour laquelle Speedwagon décide de l\'aider et de le suivre dans son voyage. Avec son courage et son esprit, Jonathan définit un héritage en tant que le premier JoJo de la série.'),
(3, NULL, 'Lisa Lisa', 'https://cdn.myanimelist.net/images/characters/6/196391.jpg', NULL, NULL, 'Durant son passé tragique, Lisa Lisa à été forcée de vivre recluse et en exil de son pays natal après s\'être débarrassée du vampire ayant tué son mari.\r\n\r\nLisa Lisa est une femme plutôt calme et mature. Très rigoureuse, Elle possède également un grand sens de la négociation et ce, dans n\'importe quelle situation .En tant que génie de l\'Onde, elle est extrêmement stricte et impartiale quand à la formation de ses apprentis. Elle s\'évertue à imposer des entraînements chaque jour afin que ceux-ci deviennent des experts dans le maniement de l\'Onde.\r\n\r\nLisa Lisa fait en sorte d\'être la plus impassible émotionnellement afin d\'être efficace en toute situation, et pour maintenir une sorte d’élévation et d\'autorité sur ses élèves. Elle craquera tout de même à la mort de Caesar, comme le remarquera Joseph - mettant à sa bouche une cigarette à l\'envers, exposant le fait qu\'elle est troublée ,elle aussi, émotionnellement.\r\n\r\nElle fondera en larmes avec Joseph, montrant toute leur affection envers leur camarade qui mourut en tant que noble combattant.\r\n\r\nIl est dit à la fin de Battle Tendency ,qu\'elle se remariera et commencera à entamer une nouvelle vie paisible'),
(4, NULL, 'Robert E. O. Speedwagon', 'https://cdn.myanimelist.net/images/characters/7/196031.jpg', NULL, NULL, 'Speedwagon a la capacité de ressentir la personnalité des gens, chose qui lui permettra de reconnaître le caractère de gentleman de Jonathan Joestar lors de leur affrontement à Ogre Street, facteur principal de sa décision de l\'accompagner dans son voyage pour arrêter Dio Brando. De la même manière qu\'il a vu en Jonathan une noblesse d\'esprit, il dévoilera aux yeux de tous le caractère mauvais de Dio.\r\n\r\nLors des combats, Speedwagon ne se bat pas, mais préfère expliquer les situations actuelles en criant. Mais il ne reste pas non plus spectateur, car il ira jusqu\'à décongeler le bras de Zeppeli à l\'aide de sa propre chaleur, lors d\'un affrontement contre Dio.\r\n\r\nD\'un naturel courtois, en dépit de ses origines, il sait rester à sa place, comme on peut le voir durant la scène après l’incendie du manoir des Joestar où Speedwagon voit Erina Pendolton, l\'ancien amour de Jonathan en train de soigner celui-ci. Il préférera s’éclipser plutôt que de les déranger.\r\n\r\nLors des événements de la partie 1, Speedwagon est vite devenu un fidèle ami de Jojo, et même le plus grand allié de la famille Joestar. Malgré la mort de son ami, Speedwagon est resté proche de la famille Joestar et d\'Erina, non pas par amour, mais par respect envers Jonathan. Il s\'occupera d\'Erina, de son fils et de son petit-fils, Joseph le voyant d\'ailleurs une figure paternelle (Il l\'appelle Grand-père).'),
(5, NULL, 'William Antonio Zeppeli', 'https://cdn.myanimelist.net/images/characters/15/275118.jpg', NULL, NULL, 'En tant que maître de la technique de l\'onde, Zeppeli est confiant et courageux, se rapprochant d\'un Jonathan blessé et lui donnant le pouvoir de l\'onde, sans l\'avoir rencontré auparavant. Cette personnalité s\'étend également à la majorité de ses combats, comme quand il enseigne Jonathan à appliquer l\'ondulation dans sa lutte contre Jack l\'Eventreur, tout en se versant tranquillement du vin et le buvant. Même quand il se rend compte qu\'il est sur ​​le point de mourir horriblement, il ne semble pas être trop dérouté par ça et agit de manière très décontractée à l\'égard de la vie.'),
(6, 3, 'Joseph Joestar', 'https://cdn.myanimelist.net/images/characters/6/252863.jpg', NULL, NULL, 'Dans sa jeunesse, Joseph était fougueux, impétueux et farceur. Il est rarement montré sérieux et concentré, il a tendance à s\'amuser même face à un ennemi extrêmement dangereux. Bien qu\'en apparence il semble idiot (plusieurs ennemis le voit comme ça), il arrive à prédire la prochaine phrase de son adversaire. Contre Esidisi, Joseph cite un stratège chinois: Sun Zi, ce qui pourrait signifier qu\'il aime les livres de stratégie militaire. Dans un flashback, on peut voir Joseph lire un BD de Superman dont-il est fan. En grandissant, il devient fan de Rohan Kishibe.\r\n\r\nDans la partie 3, Joseph a le même caractère. Il semble même qu\'il ait toujours ce caractère espiègle. Cependant, il semble être surpris et facilement que dans sa jeunesse. Être plus âgé lui a apporté une certaine sagesse et il apporte toujours de bon conseil à son petit-fils aussi impétueux que lui.\r\n\r\nDans la partie 4, son âge avancé a affaibli son esprit et il semble être devenu un peu sénile. Il n\'est plus aussi conflictuel qu\'il l\'était dans sa jeunesse. Avec l\'âge, il est devenu un homme bien intentionné qui est toujours prêt à risquer sa vie pour les autres.'),
(7, NULL, 'Kars', 'https://cdn.myanimelist.net/images/characters/7/252855.jpg', NULL, NULL, 'Kars est intelligent, impitoyable, et ne pense qu\'à obtenir la Pierre Rouge d\'Aja. Il est dit qu\'il est un génie parmi les Hommes du Pilier et qu\'il est le créateur du Masque de Pierre. Kars semble aussi avoir du respect pour la nature et les animaux comme on le voit quand il tue un conducteur ivre, qui faillit frapper un chiot, ou bien quand il tombe de la falaise, il dévie la trajectoire de son corps pour éviter de tomber sur une fleur.\r\n\r\nIl semble être le plus à l\'écart et peu intéressé par les idées de ses congénères, souriant rarement et est souvent celui qui doit rappeler à Wamuu et Esidisi leur objectif ultime. Il se montre aussi comme poliment moqueur, comme lorsqu\'il offre à Lisa Lisa du poison pour mourir sans souffrance. Cependant, après avoir blessé Lisa Lisa, il révèle sa vraie nature comme un sadique avide de pouvoir, qui est prêt à piétiner quelqu\'un à sa manière, même si la méthode est déshonorante.'),
(8, NULL, 'Wamuu', 'https://cdn.myanimelist.net/images/characters/7/251665.jpg', NULL, NULL, 'Wamuu est un Homme à la fierté exacerbé,dont l\'honneur est plus que capital, ainsi il sera convaincu par Joseph Joestar de ne pas le tuer car il n\'était pas assez fort pour le vaincre, et laissera un mois d\'entraînement à ce dernier.\r\n\r\nEncore une fois, il fera preuve de ce trait de caractère en ne brisant pas la bulle de sang renfermant l\'antidote de Joseph, crée par Ceasar A.Zeppeli,qui lui aura tapé dans l’œil de par sa bravoure et sa technique.\r\n\r\nIl a une personnalité bouleversé si quelqu\'un marche sur son ombre, il l\'éliminera alors à une vitesse fulgurante, à part évidemment, ses propres maîtres : Esidisi et Kars .\r\n\r\nIl sait toujours si quelqu\'un à le pied posé sur son ombre, même si il ne l\'a pas dans son champ de vision.\r\n\r\nQuand il sera désemparé et commencera à être \"dévoré\" par le stress, il décidera de se crever les deux yeux pour se calmer et mieux se concentrer sur ses autres sens, notamment le vent environnant, l\'aidant à ressentir les choses au alentours.Technique nommé \"Comutateur Mental\" par Kars,elle luis sert à être véritablement efficace en combat, et toujours selon Kars,seul les vrai guerriers sont capable de tel acte et de plus, Wamuu n\'a ainsi plus de faiblesses psychologique(Stress,doutes,etc...).'),
(9, NULL, 'Rudol von Stroheim', 'https://cdn.myanimelist.net/images/characters/15/191600.jpg', NULL, NULL, 'Au début, Stroheim est montré comme un officier impitoyable, cruel et voulant user du masque de pierre pour créer une armée nazie surpuissante. Toutefois, Stroheim est un homme courageux et n\'hésite pas à demander à Joseph de lui couper la jambe pour se débarrasser de Santana. Ce courage est montré une nouvelle fois, quand il vient aider Joseph lors de son combat contre Kars. Au début de ses combats il est toujours persuadé de la supériorité des stratégies et technologies de l\'Allemagne.'),
(10, NULL, 'Caesar Antonio Zeppeli', 'https://cdn.myanimelist.net/images/characters/6/251679.jpg', NULL, NULL, 'Caesar Zeppeli est un homme blond à la personnalité tranquille et calme. Don Juan à ses heures perdues, il possède la capacité de manier l\'Onde et fera, malgré lui, équipe avec Joseph Joestar afin de vaincre les Hommes du Pilier. '),
(11, 1, 'Jotaro Kujo', 'https://cdn.myanimelist.net/images/characters/9/312302.jpg', NULL, NULL, 'Jotaro est un lycéen sûr de lui ne se laissant jamais faire, ce qui lui attire des ennuis. Il peut paraître dur et violent mais il cache un grand cœur en or et une certaine sensibilité envers ses proches.'),
(12, 2, 'Mohammed Abdul', 'https://cdn.myanimelist.net/images/characters/6/242477.jpg', NULL, NULL, 'Il est une bonne source à propos des Stands, détenant des informations sur Gray Fly, Devo et Midler.\r\n\r\nSa marque personnelle consiste à mimer un briquet en faisant tourner sa main au pouce levé en disant \"Yes ! I am ! Tch ! Tch !\"'),
(13, 4, 'Noriaki Kakyoin', 'https://cdn.myanimelist.net/images/characters/8/245201.jpg', NULL, NULL, 'Au premier abord, Kakyoin peut paraître froid, alors qu\'il est en fait un combattant fidèle et chaleureux. Il soutient ses camarades et se bat pour de bonnes causes. Il déteste se soumettre et n\'aime pas les lèche-bottes, seuls les gens honnêtes peuvent être considérés comme ses amis. Il est franc mais aimable, prévenant envers ses amis. Il déteste les gens complotant derrière le dos des autres. Kakyoin mentionne qu\'il n\'a jamais pu s\'attacher aux gens en raison de ses capacités, et n\'a donc jamais souhaité se faire d\'ami ; cela a changé quand il a découvert d\'autres personnes qui avaient également des Stands comme Jotaro, Joseph ou encore Jean-Pierre Polnareff.\r\n\r\nAprès que Jotaro le libère du contrôle de Dio , Kakyoin rejoint son groupe dans la quête pour détruire Dio en remerciement pour lui avoir sauvé la vie, et en compensation pour avoir agi comme un pion de Dio. Certains aspects de sa personnalité subissent des changements au cours de l\'histoire , et cela est attribuable à ses rencontres avec Mannish Boy et N\'Doul. Il finit par abandonner son attitude de \"repentant\". En plus de ses précédentes caractéristiques, il est maintenant plus confiant et a regagné sa fierté.\r\n\r\nIl voue également un profond respect pour ses parents.'),
(14, 5, 'Jean-Pierre Polnareff', 'https://cdn.myanimelist.net/images/characters/10/245195.jpg', NULL, NULL, 'Polnareff est le maladroit au bon cœur typique. Il est héroïque et protecteur envers ceux qu’il aime, il a montré des stratégies assez impressionnantes tout au long de la série. Il est impulsif et bruyant, il plonge rapidement dans l’action souvent sans avoir évalué les risques, ce qui lui a valu de nombreux problèmes. Malgré tout, il se dédit sincèrement à faire le bien et ses amis peuvent compter sur lui. Il se prétend être un séducteur, mais son caractère implique qu’il surestime ses véritables prouesses. Sur l’ensemble des personnages de la série, Polnareff est le moins réticent à montrer ses émotions, il ajoute beaucoup d’humour et de légèreté là où on aurait eu une équipe assez sérieuse ( Surtout avec Kakyoin et Jotaro qui sont des personnages très froids ). En effet, même s’il peut parfois être vu comme le rigolo du groupe, les compagnons de Polnareff apprécient sa nature et lui font confiance pour les aider à vaincre lorsqu’ils sont confrontés à une bataille difficile. De manière intéressante, les meilleurs amis de Polnareff pendant cette partie sont Abdul et Iggy, deux personnages à qui il ne put tenir tête lors de leur première rencontre. En fait, aucun personnage ne pleure la mort de ses compagnons comme le fait Polnareff, et aucun personnage n’est aussi dédié à les venger.'),
(15, 21, 'Iggy', 'https://vignette.wikia.nocookie.net/jjba/images/8/8c/133145.jpg/revision/latest?cb=20140525205335&path-prefix=fr', NULL, NULL, 'Iggy est connu pour être un chien particulièrement asocial et ne prêtant intérêt qu\'à certaines choses qu\'il apprécie, comme les chewing-gum au café dont il est friand. Il a pour habitude de mordre les cheveux des gens et de leur péter ensuite au visage s\'il les a dans le collimateur; Jean-Pierre Polnareff en aura notamment subi les frais.\r\n\r\nEn plus de son tempérament individuel et provocateur, Iggy possède une certaine fierté, en estimant par exemple que son Stand est aussi puissant que celui de Jotaro, Star Platinum.\r\n\r\nCette fierté est un facteur majeur de la personnalité d\'Iggy,alimentant notamment son indifférence envers tout centre d\'intérêt.Cette fierté étant son moteur pour faire subir à Dio ce qu\'il a vécu suite à un mal subis par un de ses subordonnés.\r\n\r\nNe reculant devant rien pour faire valoir son honneur il n\'hésite pas à affronter n\'importe quel ennemi.'),
(16, 22, 'Hol Horse', 'https://cdn.myanimelist.net/images/characters/11/242479.jpg', NULL, NULL, 'Hol Horse est un personnage qui au premier abord semble assez sûr de lui ; il est cependant arrogant, possède une réputation de coureur de jupons et est plutôt lâche, ce qui le poussera bien souvent à faire équipe avec un partenaire (J. Geil et plus tard dans l\'aventure Boingo), et c\'est bien souvent lorsqu\'il se retrouve acculé au pied du mur ou surpassé qu\'il se met à fuir le combat.\r\n\r\nHol Horse est présenté comme une personne respectant la puissance, comme la fois où il crut avoir l\'arrogance de pouvoir tuer Dio Brando avant d\'être convaincu par son maître de l\'écart de puissance entre eux.\r\n\r\nBien qu\'il soit un coureur de jupons, il respecte toutes les femmes et les considères plutôt comme des moyen de pression ou d\'assistance pour un combat. Il se refuse également à frapper la gente féminine, bien qu\'une prédiction de Thoth le montre donner un coup de pied à une femme, dans l\'unique but cependant de la sauver d\'un scorpion.\r\n\r\n'),
(17, 7, 'Jôsuke Higashikata', 'https://cdn.myanimelist.net/images/characters/2/304766.jpg', NULL, NULL, 'Jôsuke est un garçon bien élevé, et possède un bon fond. Toujours le cœur sur la main, il fera tout son possible pour protéger sa bien-aimée ville natale et assurer son bon fonctionnement, tout en remplaçant le rôle de son grand-père maternel assassiné par Angelo.\r\n\r\nIl a la phobie des reptiles et apprécie encore moins de les toucher. Il ne supporte pas qu\'on traite sa coupe de cheveux, s\'agissant de sa \" fierté \". Ceci le met dans un état de colère qui le plonge dans la violence.\r\n\r\nSelon Koichi, cette réaction serait dû au fait que Jôsuke porte cette coupe en gage de gratitude envers un lycéen, portant une coupe similaire, qui lui a sauvé la vie quand il était malade. Et se moquer de sa coupe, reviendrait à manquer de respect envers son sauveur.'),
(18, 8, 'Koichi Hirose', 'https://cdn.myanimelist.net/images/characters/3/132397.jpg', NULL, NULL, 'Koichi possède une personnalité assez calme sauf quand on s\'en prend à ses proches.\r\n\r\nIl est notamment d\'un caractère sensible, ce qui est démontré lorsque Red Hot Chili Pepper \" tue \" Okuyasu où Koichi pleure la \" mort \" de son ami, ou bien la fois où Jôsuke rencontre pour la première fois son père et lui tient la main ; ce moment émut Koichi.\r\n\r\nIl est très soucieux de ses proches et de sa ville, celui-ci fera tout pour les sauver.\r\n\r\nKoichi est aussi très timide et à très peur du caractère de Yukako, mais il fini par tomber amoureux d\'elle et admet que son caractère l\'a séduit. Koichi et Yukako finissent par s\'embrasser et commence à avoir une relation sérieuse avec elle.'),
(19, 9, 'Okuyasu Nijimura', 'https://cdn.myanimelist.net/images/characters/8/81102.jpg', NULL, NULL, 'Okuyasu est un jeune homme impulsif aux tendances violentes avec un cœur en or.\r\n\r\nIl se décrit comme étant stupide, ayant effectivement un comportement enfantin et immature. Très extraverti et impulsif, il prend rarement le temps d\'observer ou réfléchit et agit selon-lui \"avec son cœur\". Il ne cache jamais ses émotions, qu\'il semble expérimenter d\'une manière plus exagérée que la moyenne.\r\n\r\nOkuyasu est connu pour être \"mauvais à prendre des décisions\" et se montre simple d\'esprit, mais a de rares élans d\'ingénuité sincère. S\'être toujours appuyé sur son frère, qui le rabaissait pour sa bêtise, l\'a rendu incapable de prendre des décisions qui ne soient pas instinctives, limitation qui le gêne. Pour cette raison, il proclame régulièrement son manque d\'intelligence. Facilement manipulé par ses adversaires, ce n\'est qu\'à l\'aube de la mort que le fantôme de son frère parviendra à le pousser de prendre une décision : continuer à vivre.\r\n\r\nTrès curieux, il s\'intéresse à tout nouvelle découverte, et se révèle pour cette raison très observateur. Sa curiosité le pousse aussi à toujours vouloir comprendre le fond et les raisons derrière quelque-chose, ce qui accentue sa difficulté à prendre des décisions quand ses ennemis tentent de le manipuler.\r\n\r\n\r\nMalgré son caractère honorable et sympathique, Okuyasu a des tendances conflictuelles et violentes, probablement dues à la maltraitance qu\'il a subie durant son enfance. En plus d\'avoir un mauvais langage, il a la menace facile et n\'hésite pas à frapper quiconque l\'énerve. En combat, il est agressif et prêt à utiliser son Stand léthalement. Après l\'assassinat de son frère, puis celui de son ami Shigekiyo Yangu, il ressent un fort besoin de vengeance, et envers ces personnes qu\'il déteste et l\'enragent, il se montre beaucoup plus froid et sérieux que d\'habitude, lui donnant l\'air beaucoup plus effrayant. Même envers les personnes qui l\'agacent simplement, il a pour réflexe d\'agir violemment.'),
(20, 10, 'Rohan Kishibe', 'https://cdn.myanimelist.net/images/characters/16/133163.jpg', NULL, NULL, 'Rohan Kishibe est un mangaka passionné qui se dédie entièrement à son travail, avec une personnalité rigide mais bon fond.\r\n\r\nConscient de ses aptitudes surnaturelles et ses talents de mangaka, il a une attitude arrogante envers les autres. Il accepte mal la critique et ressent un besoin impératif de dessiner constamment des chapitres toujours aussi excitants pour son manga, n\'ayant pas de peur plus grande qu\'il ne soit plus lu s\'il commence à devenir ennuyeux ou inintéressant. Il entretient peu de relations sociales, socialement impatient et désintéressé. Même Koichi Hirose, la seule personne dont Rohan se rapproche, le trouve souvent autoritaire, particulièrement car il le force régulièrement a l\'assister dans son travail de recherche.\r\n\r\nIl tente de cacher ses véritables sentiments derrière son arrogance, ce qui valorise ses rares moments de sincérité, par exemple ses adieux au fantôme de Reimi Sugimoto.\r\n\r\nGrâce a son succès de mangaka, il a amassé une fortune assez considérable, comme en atteste sa grande maison. Il n\'est cependant pas intéressé par l\'argent: son unique motivation est de dessiner des manga qui seront lus. Il entreprend de grandes recherches pour que ceux-ci semblent aussi réalistes que possible, allant jusqu\'à disséquer et goûter des araignées pour mieux les comprendre. Il a des manières excentriques et est parfois assez puéril.\r\n\r\nBien qu\'il semble indifférent aux affaires des autres, il a un certain sens de la justice, ce qui fait de lui un allié de poids dans la traque de Yoshikage Kira (plus particulièrement après avoir entendu la tragique histoire de Reimi, dans laquelle il s\'avère directement impliqué).'),
(21, NULL, 'Reimi Sugimoto', 'https://cdn.myanimelist.net/images/characters/9/370258.jpg', NULL, NULL, 'Reimi a un caractère doux et attentionné, devenant ferme dans le but de rallier les gens à sa cause de protéger Morioh en mettant fin aux crimes de Kira. La solitude, composant la majorité de son existence depuis son décès, ne semble pas la déranger.\r\n\r\nSon attitude joueuse et innocente lui révèle un côté enfantin. Sensible, elle est facilement émue aux larmes, et s\'inquiète pour le bien-être des habitant de Morioh, notamment ses amis.\r\n\r\nEnvers Kira lui-même elle se montre cependant dédaigneuse, attendant depuis de nombreuses années la fin de son règne de terreur sur la ville.'),
(22, 12, 'Yukako Yamagishi', 'https://cdn.myanimelist.net/images/characters/2/303236.jpg', NULL, NULL, 'Amoureuse de Koichi, Yukako lui propose un rendez-vous et agit de manière douce et modeste - jusqu\'à subitement révéler son mauvais tempérament et son obsession pour lui en devenant nerveuse.\r\n\r\nBeaucoup de sa caractérisation tourne autour de ses sentiments pour Koichi, qu\'elle explique par son appréciation d\'un homme qui a du potentiel plutôt qu\'un homme parfait, qu\'elle trouve ennuyeux. Elle admet aussi devenir immédiatement obsédée par tout ce qu\'elle aime. Elle révèle des tendances psychopathiques quand elle décide de kidnapper Koichi, tenter de le persuader de l\'aimer et l\'entraîner de force à devenir une version idéalisée de lui-même. Face à son opposition, elle devient folle et se montre capable de lui faire du mal, voire le tuer, afin de le garder pour elle seule.\r\n\r\nUne fois vaincue, et aussitôt sauvée par Koichi d\'une potentielle chute mortelle malgré tout ce qu\'elle lui a fait traverser, elle réalise ses erreurs, et ne devient que plus profondément amoureuse de lui, admirant son héroïsme. Ainsi, elle décide de respecter ses sentiments et sa vie privée. Elle retrouve son caractère doux et paraît timide, rappelant son comportement lors de leur rencontre.\r\n\r\nAyant plus tard séduit Koichi pour de bon, elle devient beaucoup plus romantique et relaxée. Il la décrit tout de même comme \"incroyablement robuste\" et, mis à part avec lui, elle conserve une expression peu amicale, et est toujours capable de rentrer dans une colère noire et faire preuve de violence envers quiconque se met en travers de son chemin ou celui de Koichi. Elle garde aussi tendance à refuser d\'assumer ses erreurs, repoussant le blâme sur les autres.\r\n\r\nMalgré les commentaires auto-dénigrantes qu\'elle a fait lors de sa première rencontre avec Koichi, elle s\'avère très fière de son apparence et ses cheveux, menaçant celui-ci lorsqu\'il abîme ses cheveux lors de leurs combats, et plus tard Aya Tsuji quand son Stand, Cinderella détruit son visage.'),
(23, 11, 'Yoshikage Kira', 'https://cdn.myanimelist.net/images/characters/13/241133.jpg', NULL, NULL, 'Kira est un tueur en série, ses caractères prédominants sont qu\'il est égocentrique, narcissique et psychopathe. Il est également fétichiste des mains et pervers.\r\n\r\nKira est quelqu\'un qui cherche à vivre une vie simple et ne veut pas que sa vie paisible soit troublée ou interrompue. Bien qu\'il possède de nombreux talents, il ne veut pas se faire remarquer et lors de sa scolarité il n\'a jamais voulu se faire remarquer, il vise toujours la place numéro trois et déteste être premier.'),
(24, 13, 'Giorno Giovanna', 'https://cdn.myanimelist.net/images/characters/13/361193.jpg', NULL, NULL, 'Giorno est doté d\'une grande force d\'esprit, à savoir une volonté de fer à toute épreuve, trait de caractère qu\'il tient directement de la famille Joestar.\r\n\r\nGiorno est un garçon vu comme plutôt calme. qui apprécie être seul, et n\'étant que rarement étonné. Selon Koichi et Bruno, il dégage une certaine prestance et il est difficile de ne pas l’apprécier.\r\n\r\nGiorno est également vu comme une personne compatissante envers les autres, comme par exemple lorsqu\'il s\'énerva envers Black Sabbath qui tua un vieil homme.\r\n\r\nGiorno n\'hésitera pas à se sacrifier pour le bien du groupe, comme lorsqu\'il ira directement au combat sur le bateau, afin de montrer sa confiance envers Abbachio et Bucciarati.'),
(25, 14, 'Bruno Bucciarati', 'https://cdn.myanimelist.net/images/characters/16/361191.jpg', NULL, NULL, 'Bucciarati se révèle être un homme très moral avec un code d\'honneur et d\'un grand sens de la justice, estimant qu\'il est nécessaire, selon lui, d\'avoir une cause à laquelle on croit et puisse se battre pour la défendre.\r\n\r\nLors de sa jeunesse, il préférera prendre soin de son père solitaire, plutôt que de poursuivre ses études, ce qui fera remarquer sa bonté naturelle envers les autres auprès de sa mère.\r\n\r\nIl est également proche des citoyens vivant dans sa \"zone d\'attribution\", étant à leur écoute et n\'hésitant pas à traiter la moindre de leur demande. Une proximité qui est témoignée par un grand respect par les mêmes citoyens.\r\n\r\nDurant sa confrontation avec Giorno, ce dernier remarqua que Bucciarati était en contradiction avec lui-même. En effet, lors de l\'utilisation de son stand \"Sticky Fingers\", il se cacha à l\'intérieur du corps d\'un adolescent accro à la drogue.\r\n\r\nDès cet instant, il est prit de remord et de compassion, se rappelant du tragique destin de son père, mort quelques années auparavant, des mains de trafiquants de drogues. Une contradiction d\'autant plus vicieuse, de par son obligation à fermer les yeux sur ce sujet au sein du gang.'),
(26, 15, 'Narancia Ghirga', 'https://cdn.myanimelist.net/images/characters/14/361190.jpg', NULL, NULL, 'L\'éducation de Narancia ne s\'étend pas plus loin que l\'école primaire, un détail qui le chagrine, et le met en colère quand les autres le mentionnent. Cependant, cela ne signifie en aucun cas qu\'il est stupide, Narancia étant capable de faire bon usage de sa stratégie selon l\'environnement, et ce, dans de multiples situations; notamment lorsqu\'il mit en feu toute une rue grâce à son stand durant son combat contre Formaggio, afin de le piéger. Narancia a également triomphé de Squalo et Tiziano, leur faisant croire qu\'il était toujours sous l\'influence de Talking Head, alors qu\'il avait coupé sa propre langue.\r\n\r\nNarancia semble porter beaucoup d\'importance à l\'autorité d\'un individu selon son âge, pensant qu\'un âge supérieur se doit d\'avoir l\'ascendant sur une personne plus jeune. Ce trait fut relativement notable, lorsqu\'il remarqua que Giorno Giovanna était plus jeune que lui. Narancia se laisse souvent aider par Fugo, afin de compenser son manque de culture et d\'éducation, conscient des connaissances de son ami dans ce domaine. Dans l\'épilogue, Narancia se dit détester Luka larme à l\'oeil, exprimant son soulagement à la suite de sa mort, et précisant qu\'il n\'était qu\'un toxicomane vendant de la drogue à des enfants.'),
(27, 16, 'Guido Mista', 'https://cdn.myanimelist.net/images/characters/14/274978.jpg', NULL, NULL, 'Mista est une personne très sympathique et joyeuse, comprenant assez rapidement les situations périlleuses, même si il persiste à croire qu\'il va s\'en sortir(il a toujours raison sur ce point)mais, il est très superstitieux et possède une phobie du nombre 4'),
(28, 17, 'Leone Abbacchio', 'https://cdn.myanimelist.net/images/characters/9/361189.jpg', NULL, NULL, 'Abbacchio est quelqu\'un de sérieux, droit et dont la mission confié passe avant la sécurité de ses amis, malgré qu\'il tienne à eux excepté Giorno, dont il n\'apprécie pas la personne .'),
(29, 18, 'Trish Una', 'https://cdn.myanimelist.net/images/characters/15/328265.jpg', NULL, NULL, 'Trish est de prime abord présentée comme une personne superficielle, égoïste et capricieuse. Dès sa première rencontre avec la team de Bucciarati, elle leur demande de faire des achats extrêmement spécifiques pour son bon plaisir. Elle se montre froide envers ses gardes du corps, ne leur parlant que très rarement, s\'isolant volontairement du groupe.\r\n\r\nElle se montre cependant inquiète pour la sécurité de Narancia Ghirga lors de l\'attaque de The Grateful Dead, se révélant pour la première fois altruiste. Mais ce n\'est que lorsque Bucciarati l\'amène à son père qu\'elle révèle son anxiété et ses insécurités. Il est révélé que son comportement distant et dédaigneux était sa manière de se protéger, souffrant d\'une certaine mysophobie, ne sachant pas à qui faire confiance et se sentant perdue face à la situation dans laquelle elle a été subitement jetée après le décès de sa mère.\r\n\r\nAprès sa première rencontre regrettable avec son père, Trish se trouve une volonté nouvelle et décide de se battre contre lui aux côtés de Bucciarati et sa team. Ce combat lui permet de grandir énormément et se découvrir une immense loyauté, ainsi qu\'apprendre à employer son propre Stand, qu\'elle n\'arrivait auparavant pas à comprendre.'),
(30, 19, 'Pannacotta Fugo', 'https://cdn.myanimelist.net/images/characters/4/361188.jpg', NULL, NULL, 'Pannacotta Fugo est un homme possédant une grande intelligence, un avantage qui lui vaut une large connaissance, et beaucoup de culture. De nature studieuse, il privilégie souvent son accomplissement personnel et déteste le sentiment d\'empiéter négativement sur la vie d\'autrui. Un détail ne l\'empêchant pas d\'inculquer son savoir à ceux qui l\'entourent et d\'aider les personnes qu\'il estime être dans le besoin.\r\n\r\nMais malgré son intelligence et son côté protecteur, Fugo est rapidement perçu comme un personnage à tendance lunatique, tantôt calme, il n\'hésite pas à laisser échapper sa colère dans diverses situations. Un véritable souci psychologique qu\'il ne contrôle pas, s\'avérant parfois fatal pour lui-même et son entourage.\r\n\r\nSon stand, Purple Haze, est une représentation de son tempérament instable et destructeur.\r\n\r\n'),
(31, 20, 'Diavolo', 'https://cdn.myanimelist.net/images/characters/2/240709.jpg', NULL, NULL, 'Diavolo possède une personnalité très cruelle et est quelqu\'un d\'impitoyable, notamment avec ceux qui connaîtraient éventuellement son identité, se mettant alors à leur trousse afin de les éliminer purement et simplement.\r\n\r\nIl est prêt à mettre fin à la vie de n\'importe quelles personnes connaissant son visage, proches ou non, même des membres de sa propre famille, en clair quiconque connaissant son identité, sans aucune distinction.\r\n\r\nEn tant que Boss de la Passione, Diavolo est hautement respecté par tous les membres de par son rang ultime, ainsi c\'est un choix difficile pour Bruno de le trahir, et pour Fugo également, l\'ayant de plus adopté au sein de la \"famille\". Ceux osant le trahir, lui et la \"famille\" par la même occasion attireront sa terrible haine et subiront son courroux, ne leur pardonnant pas un tel acte, et déclare d\'ailleurs à propos de cela des répliques percutantes tel que \"Comment osent-il mordre la main qui les a nourri\" ou encore simplement \"Tous les traîtres doivent mourir !\".   ');

-- --------------------------------------------------------

--
-- Structure de la table `doctrine_migration_versions`
--

DROP TABLE IF EXISTS `doctrine_migration_versions`;
CREATE TABLE IF NOT EXISTS `doctrine_migration_versions` (
  `version` varchar(191) COLLATE utf8_unicode_ci NOT NULL,
  `executed_at` datetime DEFAULT NULL,
  `execution_time` int(11) DEFAULT NULL,
  PRIMARY KEY (`version`)
) ENGINE=InnoDB DEFAULT CHARSET=utf8 COLLATE=utf8_unicode_ci;

--
-- Déchargement des données de la table `doctrine_migration_versions`
--

INSERT INTO `doctrine_migration_versions` (`version`, `executed_at`, `execution_time`) VALUES
('DoctrineMigrations\\Version20200908121035', '2020-09-08 17:00:19', 40),
('DoctrineMigrations\\Version20200908122207', '2020-09-08 17:00:19', 63),
('DoctrineMigrations\\Version20200908122422', '2020-09-08 17:00:20', 80),
('DoctrineMigrations\\Version20200908123138', '2020-09-08 17:00:20', 89),
('DoctrineMigrations\\Version20200908150917', '2020-09-08 17:09:24', 103),
('DoctrineMigrations\\Version20200908151733', '2020-09-08 17:17:38', 41);

-- --------------------------------------------------------

--
-- Structure de la table `season`
--

DROP TABLE IF EXISTS `season`;
CREATE TABLE IF NOT EXISTS `season` (
  `id` int(11) NOT NULL AUTO_INCREMENT,
  `name` varchar(100) COLLATE utf8mb4_unicode_ci NOT NULL,
  `date` date DEFAULT NULL,
  `picture` varchar(255) COLLATE utf8mb4_unicode_ci DEFAULT NULL,
  `description` longtext COLLATE utf8mb4_unicode_ci,
  PRIMARY KEY (`id`)
) ENGINE=InnoDB AUTO_INCREMENT=6 DEFAULT CHARSET=utf8mb4 COLLATE=utf8mb4_unicode_ci;

--
-- Déchargement des données de la table `season`
--

INSERT INTO `season` (`id`, `name`, `date`, `picture`, `description`) VALUES
(1, 'Partie I : Phantom Blood', '2012-10-06', 'https://cdn.myanimelist.net/images/anime/3/40409.jpg', 'L\'histoire commence à la fin du xixe siècle à l\'époque de l\'Angleterre Victorienne. Jonathan, notre héros, est l\'héritier de la riche famille Joestar, et vit une vie paisible de noble avec son père le Lord George Joestar.'),
(2, 'Partie II : Battle Tendency', '2013-04-06', 'https://vignette.wikia.nocookie.net/jjba/images/c/c9/Fd0ec69f9db9b6080c8f0d32c664257c.jpeg/revision/latest?cb=20150225091543&path-prefix=fr', '50 années se sont passées depuis la mort de Jonathan Joestar.\r\n\r\nCependant sa lignée a perduré : son enfant avec Erina, Georges Joestar mort pendant la guerre a eu lui aussi un fils, Joseph Joestar, élevé par Erina suite à la mort de ses parents.\r\n\r\nJoseph, d\'un tempérament assez trempé, tête de mule et très rusé, hérita du talent de l\'Onde appris par Jonathan, seule arme efficace contre les vampires créés à partir du masque de pierre.'),
(3, 'Partie III : Stardust Crusaders', '2014-04-05', 'https://cdn.myanimelist.net/images/anime/11/55267.jpg', 'Jotaro Kujo, jeune lycéen japonais est le petit-fils de Joseph Joestar. Volontairement en prison, il redoute les actions d\'un \"mauvais esprit\" qui le possède. Apeurée, sa mère, Holy Kujo appelle son père Joseph à la rescousse. Ce dernier accompagné par Mohammed Abdul réussira à le faire sortir.'),
(4, 'Partie IV : Diamond is Unbreakable', '2016-05-02', 'https://cdn.myanimelist.net/images/anime/3/79156.jpg', 'En 1999, Jotaro Kujo est de passage dans la ville de Morioh dans le but de retrouver le fils illégitime de son grand père Joseph Joestar, Josuke Higashikata, un jeune lycéen possédant un stand depuis ses 4 ans suite à une dangereuse poussée de fièvre. Cependant, Morioh n\'est pas une ville comme les autres, en son sein naissent bon nombre de manieurs de stand à cause de l\'usage d\'un puissant artefact, L\'arc et la flèche. Sous la menace de tueurs en série et soumis à la malédiction des manieurs de stands, Josuke et ses amis devront combattre.\r\nEntre puissants ennemis tués et d\'autres devenus alliés, la menace d\'un tueur en série qui sévit depuis 15 ans refait surface par l\'intermédiaire du fantôme de sa première victime Sugimoto Reimi. Dès lors, Josuke, Jotaro, Okuyasu, Koichi et Rohan se mettront à la recherche de ce tueur si bien caché depuis tout ce temps. \r\n\r\n'),
(5, 'Partie V : Golden Wind', '2018-10-06', 'https://cdn.myanimelist.net/images/anime/1572/95010.jpg', 'Giorno Giovanna (GioGio et anciennement Haruno Shiobana) n\'a jamais connu son père et vécut une enfance difficile avec un beau-père violent et une mère négligente. Cependant, sa vie bascula lorsqu\'il sauva la vie d\'un gangster qui fit de sa protection un point d\'orgue. Depuis, Giorno a pour rêve de devenir une Gang-Star afin d’arrêter le trafic de drogues et les violences dans sa ville. C\'est après avoir entraîné la mort de Leaky-Eye Luca que Giorno croisa la route de l\'homme qui allait le faire entrer dans ce monde de la pègre, Bruno Bucciarati, membre de Passionne avec qui il se liera d\'amitié.\r\n\r\nA la suite d\'un test d\'admission tendu, il put enfin commencer son ascension dans la mafia italienne et rencontrer ses futurs alliés : Narancia Ghirga, Guido Mista, Leone Abbachio et Pannacota Fugo qui ont pour leader Bucciarati.\r\n\r\nC\'est après quelques péripéties que Giorno et sa bande reçurent une mission de la part du Boss de Passionne dont personne ne connait la véritable identité : protéger sa fille, Trish Una, des membres mutins voulant découvrir son identité afin de prendre sa place. S\'en suit alors plusieurs combats entre le camp de Giorno et le groupe de traîtres. Mais quel mystère cache l\'énigmatique parrain pour lequel tout le monde se bat?');

-- --------------------------------------------------------

--
-- Structure de la table `season_character`
--

DROP TABLE IF EXISTS `season_character`;
CREATE TABLE IF NOT EXISTS `season_character` (
  `season_id` int(11) NOT NULL,
  `character_id` int(11) NOT NULL,
  PRIMARY KEY (`season_id`,`character_id`),
  KEY `IDX_1848FEDB4EC001D1` (`season_id`),
  KEY `IDX_1848FEDB1136BE75` (`character_id`)
) ENGINE=InnoDB DEFAULT CHARSET=utf8mb4 COLLATE=utf8mb4_unicode_ci;

--
-- Déchargement des données de la table `season_character`
--

INSERT INTO `season_character` (`season_id`, `character_id`) VALUES
(1, 1),
(1, 2),
(1, 3),
(1, 4),
(1, 5),
(2, 4),
(2, 6),
(2, 7),
(2, 8),
(2, 9),
(2, 10),
(3, 1),
(3, 6),
(3, 11),
(3, 12),
(3, 13),
(3, 14),
(3, 15),
(3, 16),
(4, 6),
(4, 11),
(4, 17),
(4, 18),
(4, 19),
(4, 20),
(4, 21),
(4, 22),
(4, 23),
(5, 11),
(5, 14),
(5, 18),
(5, 24),
(5, 25),
(5, 26),
(5, 27),
(5, 28),
(5, 29),
(5, 30),
(5, 31);

-- --------------------------------------------------------

--
-- Structure de la table `stand`
--

DROP TABLE IF EXISTS `stand`;
CREATE TABLE IF NOT EXISTS `stand` (
  `id` int(11) NOT NULL AUTO_INCREMENT,
  `name` varchar(255) COLLATE utf8mb4_unicode_ci NOT NULL,
  `description` longtext COLLATE utf8mb4_unicode_ci,
  `picture` varchar(255) COLLATE utf8mb4_unicode_ci DEFAULT NULL,
  PRIMARY KEY (`id`)
) ENGINE=InnoDB AUTO_INCREMENT=23 DEFAULT CHARSET=utf8mb4 COLLATE=utf8mb4_unicode_ci;

--
-- Déchargement des données de la table `stand`
--

INSERT INTO `stand` (`id`, `name`, `description`, `picture`) VALUES
(1, 'Star Platinum', 'Star Platinum est l\'un des stands les plus forts en combat rapproché, sa portée n\'excède donc pas les deux mètres.\r\n\r\nForce : Star Platinum possède une force immense, capable d\'arrêter d\'un seul coup de poing un semi-remorque fonçant sur une Jeep transportant 4 hommes et une fille. Il peut également détruire des mètres de diamant artificiel en quelques secondes.\r\nProtection de son hôte : Star Platinum peut agir librement si c\'est pour protéger Jotaro, si ce dernier est pris par surprise ou est entravé : lors de l\'arrêt du temps par Dio, de l\'attaque surprise de Lovers, ou en faisant repartir son cœur alors qu\'il est proche de la mort.\r\nStar Finger : Star Platinum allonge son doigt sur un ou deux mètres, lui permettant de surprendre son adversaire avec une attaque dépassant la portée habituelle de Star Platinum. Cette attaque est moyennement puissante. Elle pourrait faire référence au Zoom Punch des manieurs d\'Onde.\r\nPrécision : Ce stand possède une excellente précision, dont il est dit qu\'elle est encore plus efficace qu\'une machine. Cela lui permet d\'attraper une balle en plein vol ou des objets microscopiques.\r\nVision exceptionnelle : Star Platinum possède une vision exceptionnelle, dépassant largement celle de n\'importe quel être humain. Jotaro utilise a plusieurs reprises ce pouvoir, en regardant \"avec\" Star Platinum, lui permettant de scruter le désert ou de surveiller les mouvements d\'un joueur de cartes professionnel. C\'est grâce à ce pouvoir que Jotaro peut distinguer la mouche sur l\'idéographie de Dio.\r\nVitesse : Star Platinum est aussi parmi les stands les plus rapides, d\'une vitesse comparable à celle de The World, Silver Chariot, ou Crazy Diamond. Sa vitesse de frappe peut atteindre les 350 km/h, et a la possibilité de briser du diamant.\r\nArrêt du temps : Star Platinum peut arrêter le temps pendant quelques secondes (5 secondes dans la partie III, puis 2 secondes dans la partie 4 IV puisqu\'il n\'a plus utilisé son stand pendant 10 ans et à nouveau 5 secondes dans la partie VI). Jotaro peut agir librement pendant cette pause. Il découvre cette capacité lors du combat contre Dio, et nécessite une certaine période de rechargement avant de pouvoir à nouveau stopper le temps (contrairement a Dio, dont la nature de vampire réduit énormément ce temps de recharge)\r\n', 'https://vignette.wikia.nocookie.net/jjba/images/7/7c/StarPlatinum.jpg/revision/latest/scale-to-width-down/310?cb=20130809012821&path-prefix=fr'),
(2, 'Magician\'s Red', 'Magician\'s Red est un stand à distance, sa portée peut donc aller dans les 10 mètres. Il a la capacité de générer et contrôler le feu originel.\r\n\r\nManipulation des Flammes : Magician\'s Red peut manipuler et créer des flammes comme bon lui semble.\r\nCrossfire Hurricane : Il s\'agit d\'une ankh de flammes qu\'il lance à distance sur une cible. Il existe aussi une variante, qui peut se diviser en plusieurs exemplaires, le Crossfire Hurricane Special qui lui permet d\'attaquer en zone.\r\nRed Bind : Avec son contrôle sur les flammes, Magician\'s Red peut former une corde avec ses flammes pour faire étouffer son adversaire ou le ligoter, son adversaire aura comme effet supplémentaire de se faire brûler.\r\nRadar : Technique de détection, Mohammed Avdol créer des bâtons enflammés qui détectent n\'importe quelle présence et n\'importe quelle source de chaleur la flamme pointera sur l\'intrus, plus l\'individu est puissant/imposant plus la flamme pointera. Avdol certifie que cette technique est assez puissante pour détecter des mouches. Combiné au flair de Iggy, rien ne peut les surprendre. La seul personne à avoir pu échapper à cette attaque est Vanilla Ice et son attaque qui le fait devenir le vide.', 'https://vignette.wikia.nocookie.net/jjba/images/5/5c/MagicianRedStand.jpg/revision/latest/scale-to-width-down/310?cb=20130809012821&path-prefix=fr'),
(3, 'Hermit Purple', 'Hermit Purple est un stand qui se contrôle à mi-distance, bien qu\'il soit plus efficace en l\'utilisant de loin.\r\n\r\nImages psychiques : Joseph peut imprimer des images venant d\'endroits éloignés (pour espionner un adversaire ou repérer une personne en particulier), pour ce faire, il doit détruire un appareil photo ou investir une télévision avec Hermit Purple.\r\nLecture psychique :  La technique précédente sert également à lire les pensées de la personne que Joseph aura désigné, afin de lui soutirer des informations importantes.\r\nExtension : Joseph peut étendre Hermit Purple comme une corde, pour aggriper des objets ou ligoter des personnes.\r\nCombinaison avec l\'Onde : Et tant que manieur d\'Onde, Joseph peut se servir d\'Hermit Purple pour faire circuler l\'Onde, comme une extension de son corps.\r\nCarte : Il peut dessiner un plan d\'un endroit précis en utilisant n\'importe quelle matière poudreuse.', 'https://vignette.wikia.nocookie.net/jjba/images/a/a5/Hermit_Purple.jpg/revision/latest/scale-to-width-down/310?cb=20130809012821&path-prefix=fr'),
(4, 'Hierophant Green', 'Hierophant Green ne dispose pratiquement d\'aucune attaque de corps à corps, mais il pallie ce défaut par quelques techniques de furtivité :\r\n\r\nPossession : Il est capable de s\'introduire dans le corps de son adversaire pour le contrôler à sa guise. Si quelqu\'un tente de le retirer de l\'individu, Hierophant green a encore la possibilité de le blesser avant de sortir comme vu lors de son combat contre Jotaro.\r\nCamouflage :  Il peut même se transformer en un genre de ruban, lui permettant de se faufiler dans beaucoup d\'objets, pour s\'y cacher en cas d\'attaque ou même pour surprendre un ennemi.\r\nTentacules : Hierophant Green peut étendre ses membres sous forme de tentacules qui peuvent s\'étendre a 20m de rayon.\r\nEmerald Splash : L\'attaque spéciale de Hierophant Green, qui envoie une salve d\'émeraudes tranchantes sur sa cible.\r\nBarrière : Sa technique la plus puissante qui consiste (tel une araignée) à placer de nombreux fils quasiment invisibles à l’œil nu. Si un fil est rompu, une attaque d\'Emerald Splash se déclenchera automatiquement.\r\nFilet d\'Emerald Splash de 20 m : Cette attaque consiste a utiliser sa Barrière sur 20m de rayon autour de l\'ennemi, l’empêchant de faire n\'importe quel mouvement.', 'https://vignette.wikia.nocookie.net/jjba/images/9/9c/Hierophantgurin.png/revision/latest/scale-to-width-down/310?cb=20200710123010&path-prefix=fr'),
(5, 'Silver Chariot', 'Silver Chariot est un stand fait pour le combat rapproché. Il possède plusieurs techniques.\r\n\r\nPrécision : Sa précision est telle qu\'il est capable de frapper une balle de revolver, d\'embrocher plusieurs pièces d\'un seul coup d\'épée et même de disperser les flammes aux quatre vents !\r\nArmure : La particularité de ce Stand est de posséder une armure qu\'il peut enlever quand il veut. Sans armure il devient extrêmement rapide au point de le voir à plusieurs endroits cependant cette attaque a un inconvénient, sans armure sa défense est nulle.\r\nVitesse : Avec une vitesse capable de surpasser celle de la lumière, Silver Chariot peut aisément trancher en deux une pierre, éviter toute attaque et leurrer son adversaire avec des illusions de son stand. L\'ennemi attaquera là ou l\'image de Silver Chariot se trouve mais avec son incroyable vitesse il aura déjà évité l\'attaque.\r\nTechnique secrète: En dernier recours, Chariot peut lancer la lame de sa rapière pour éliminer un ennemi à distance. La lame rebondira contre les obstacles avec suffisamment de force pour transpercer la chair. Le problème de cette technique c\'est qu\'une fois lancée, Silver Chariot se retrouve désarmé.', 'https://vignette.wikia.nocookie.net/jjba/images/f/f5/SF.jpg/revision/latest/scale-to-width-down/291?cb=20200710125524&path-prefix=fr'),
(6, 'The World', 'The World est un stand redoutable au corps à corps possédant une portée d\'environ deux mètres à la manière de Star Platinum. Néanmoins, si DIO se trouve trop loin de son adversaire, l\'arrêt du temps par The World permet de casser la distance et d\'être alors à portée.\r\n\r\nSelon Jôtaro Kujô, The World est de même type que Star Platinum et a donc les mêmes habilités et limitations.\r\n\r\nForce et vitesse : The World possède une force titanesque, ainsi qu\'une très grande vitesse, comparable au stand Star Platinum de Jotaro Kujo. The World est un stand extrêmement polyvalent et dangereux ayant la capacité selon DIO de \"dominer les autres stands\" qui fait sans doute référence à sa capacité à arrêter le temps.\r\n￼\r\nArrêt du temps\r\n\r\nArrêt du temps : Le véritable pouvoir de The World est d\'arrêter le temps pendant un bref instant ; D\'abord pour 5 secondes, l\'acquisition du sang des Joestar par Dio lui permettra de monter jusqu\'à 9. Il est cependant suggéré qu\'à ce stade, et avec plus d\'entrainement, ce dernier pourrait étendre ce pouvoir à plusieurs minutes, voire plusieurs heures.', 'https://vignette.wikia.nocookie.net/jjba/images/4/45/Theworldprofil.png/revision/latest/scale-to-width-down/269?cb=20180423220449&path-prefix=fr'),
(7, 'Crazy Diamond', 'Crazy Diamond possède une grande puissance brute, qui se rapproche de celle de Star Platinum (dont les coups vont à plus 350km/h , Crazy Diamond allant aux environs de 320km/h ). Il est capable d\'envoyer son adversaire dans les airs avec un uppercut bien placé et peut aussi percer la défense de Star Platinum.\r\n\r\nJotaro a d\'ailleurs lui-même dit qu\'il ne savait pas s\'il pouvait battre Josuke sans son arrêt du temps.\r\n\r\nCrazy Diamond est capable de restaurer les objets et les organismes. Il est capable de guérir des blessures, il peut également rendre à un objet son état d\'origine s\'il possède un morceau qu\'il détient et peut déceler les composants d\'un objet. Il peut également fusionner deux composants en portant un coup sur eux.\r\n\r\nCependant, Crazy Diamond est en incapacité de ressusciter les morts et si la réparation est utilisée lorsque Josuke est de mauvaise humeur (lorsqu\'il est par exemple critiqué par rapport à sa coupe de cheveux), alors la restauration est altérée et l\'objet reconstruit est déformé. Il ne peut non plus soigner son hôte ni faire revenir ce qu\'a été supprimé par le pouvoir de The Hand.\r\n\r\n', 'https://vignette.wikia.nocookie.net/jjba/images/9/9f/Crazy_Diamond_Manga.Infobox.png/revision/latest/scale-to-width-down/310?cb=20180622215653&path-prefix=fr'),
(8, 'Echoes', 'Créateur de Sons: Echoes ACT 1 peut écrire un effet sonore en Katakana sur n\'importe quoi, depuis la chair humaine jusqu\'au sol, et fait répéter ce son dessus en augmentant le volume. Echoes peut tirer des effets sonores depuis sa queue ou ses mains.\r\n\r\nCe pouvoir semble autoriser Koichi à transférer des mots, pouvoir que Koichi utilise pour prouver à sa mère qu\'il lui dit la vérité.\r\n\r\nL\'effect peut être brisé avec une volonté suffisante, comme lorsque Yukako fait disparaître l\'effet sonore que Koichi lui envoie.\r\n\r\nCréateur de Sons, ACT 2: La seconde forme de Echoes augmente en puissance par rapport à sa première forme. Quand le kana est écrit sur un objet, le toucher active la cause du son sur l\'objet. Par exemple, si le son « hyoo » (\"whoosh\") est écrit, cela créera une rafale de vent avec une puissance croissante.\r\n\r\nCependant, contrairement à ACT 1, ACT 2 est seulement capable d\'envoyer des sons depuis sa queue, et donc ne peut en envoyer qu\'un seul à la fois.\r\n\r\nVitesse Améliorée: Annonçant la vitesse de ACT 3, ACT 2 gagne une augmentation massive de sa vitesse par rapport à ACT 1, assez rapide pour donner l\'impression de disparaître dans les airs.\r\n\r\nContrairement aux deux premières formes de Echoes, ACT 3 a une portée moins grande. Cependant, il est extrêmement rapide.\r\n\r\nCréateur de Sons, ACT 3: Similaire à ACT 2.\r\n\r\n3-Freeze: ACT 3 donne des coups de poings rapide à sa cible, avant de « geler » la cible, de l\'immobiliser, en augmentant leur poids. Par exemple, la « Sheer Heart Attack » de Killer Queen touchée par cette attaque s\'enfonce dans un trottoir sans possibilité de se déplacer.\r\n\r\nCet effet ne peut marcher que si la cible reste à moins de 5 mètres de ACT 3.', 'https://vignette.wikia.nocookie.net/jjba/images/9/9a/EchoesAct1M.png/revision/latest/scale-to-width-down/310?cb=20200712111043&path-prefix=fr'),
(9, 'The Hand', 'The Hand est capable de supprimer l\'espace avec sa main droite, son pouvoir est parmi les plus redoutable de la partie IV, dans sa capacité à effacer tout ce que sa main droite touche. Mais la lenteur d\'esprit d\'Okuyasu Nijimura fait qu\'il ne l\'utilise pas à son plein potentiel.\r\n\r\nIl est physiquement fort, mais sa vitesse lui fait défaut comparer à certains stands de sa catégorie. En effet, si sa main droite est son atout majeur, The Hand a cependant du mal à toucher ses adversaires avec à cause de sa lenteur.\r\n\r\nThe Hand Supprime l&#039;Espace\r\nSuppression : Sa main droite contient son pouvoir : supprimer ce qu\'il balaye de sa main. A l\'instar de Cream, The Hand supprime tout ce qu\'il veut à une différence, il doit utiliser sa main droite. Il dit lui-même qu\'il ne sait pas où vont les objets supprimés.\r\n\r\nLa suppression d\'une partie d\'un objet (comme une pancarte par exemple) recollera automatiquement les deux extrémités. Avec son pouvoir il peut supprimer l\'espace entre lui et sa cible l\'empêchant de fuir ou la rapprochant à portée de sa main, cependant il a aussi été montré qu\'il pouvait ne pas rapprocher les deux extrémités comme lorsqu\'il se bat contre Red Hot Chili Pepper, les balayages laissent des trous dans le sol, il ne fait qu\'effacer la terre.', 'https://vignette.wikia.nocookie.net/jjba/images/4/46/The_Hand_Anime.png/revision/latest?cb=20161217225524&path-prefix=fr'),
(10, 'Heaven\'s Door', 'Heaven\'s Door est un Stand de faible portée, inadapté au combat direct, mais possède plusieurs capacités puissantes. Pour un mangaka curieux comme Rohan, Heaven\'s Door est utile pour inspirer son manieur qui peut alors lire le passé des victimes.\r\n\r\nLors de son introduction, pour que le pouvoir s\'active, la cible devait regarder l\'une des planches dessinée par Rohan Kishibe, cependant fermer les yeux ou être simplement incapable de traiter l\'image, comme par exemple en étant pris de rage, rendra la cible immunisée à Heaven\'s Door.\r\n\r\nPar la suite, Rohan arrive à correctement matérialiser son stand et l\'envoie directement toucher sa cible.\r\nOkuyasu Métamorphoser par Heaven&#039;s Door\r\nOkuyasu transformer en livre\r\n\r\nLorsque le pouvoir s\'active sur la cible, elle se retrouve transformée en \"livre\", des pages peuvent se tourner sur l\'ensemble de son corps et de toutes taille, il devient alors possible de lire les expérience et toute la vie de la cible.\r\n\r\nLa capacité fondamentale de Heaven\'s Door est de transformer les gens en livres, les pages se déroulant de leur corps sur n\'importe quelle partie du corps, il peut y avoir des pages de la taille d\'un ongle comme de la taille d\'un torse.\r\n\r\nHeaven&#039;s Door Transforme Koichi\r\nKoichi Transformé en livre\r\n\r\nIl est alors possible de lire ce que contient la cible, des informations détaillées et absolument vraies à leur sujet, y compris les caractéristiques physiques, les souvenirs et les pensées du plus tôt au plus tard, la personnalité, et tous les détails sur leur Stand, s\'ils en possèdent un.\r\n\r\nPlus tard, Rohan utilise cette capacité sur une cuisse de poulet pour déterminer sa date de péremption.\r\n\r\nLes cibles peuvent être incapable d\'agir à des degrés divers pendant cet effet. Rohan ne peut ni lire ses propres souvenirs ni percevoir des souvenirs qu\'il partage avec sa cible.\r\n\r\nLes détails d\'une personne mourante disparaissent graduellement. Cependant, Heaven\'s Door est efficace sur les fantômes et les morts-vivants (comme il le montre avec Reimi Sugimoto, et les esprits zombies dans Rohan au Louvre). Chez les animaux, les détails comprennent des descriptions relativement littérales.\r\n\r\nIl est montré que, puisque les gens sous l\'effet de Heaven\'s Door se transforment littéralement en livres, Rohan peut également utiliser cette transformation physique forcée à son avantage. Rohan a notamment utilisé ce pouvoir pour démêler les membres d\'Okuyasu ou encore, sauver quelqu\'un qui allait être écrasé par deux trains en transformant son corps en un livre et en l\'aplatissant suffisamment pour qu\'il puisse passer entre les trains.\r\n\r\nRohan peut arracher des pages de sa victimes, lui faisant perdre les souvenirs qui y était inscrit. La cible perd aussi du poids proportionnellement a ce qui est arraché. Mettre Rohan Kishibe hors de conscience ou le frapper suffisamment permet de rendre à la victime la totalité des pages volés.\r\n\r\nRohan peut aussi écrire sur les pages de sa cible transformée, il peut par exemple écrire \"je ne peut pas attaquer Rohan Kishibe\" pour que la cible se voit dans l’incapacité à faire quoi que ce soit en défaveur de Rohan. Il a également donné à Koichi la capacité à parler italien.\r\n\r\n\r\n', 'https://vignette.wikia.nocookie.net/jjba/images/b/b8/Heaven%27s_Door_Anime.Infobox.png/revision/latest?cb=20180623161615&path-prefix=fr'),
(11, 'Killer Queen', 'Killer Queen est un stand humanoïde à courte portée ayant une vitesse et une force de frappe au-dessus de la moyenne. S\'il est indéniable que ce Stand soit puissant physiquement, il est surpassé par d\'autres Stands à courte portée comme Crazy Diamond ou Star Platinium, d\'où le fait que Kira ait davantage tendance à s\'échapper à ses ennemis et à utiliser les pouvoirs de Killer Queen pour être victorieux\r\n\r\nLes pouvoirs de Killer Queen sont basés sur l\'utilisation de différentes \"bombes\" qui peuvent annihiler ses ennemis d\'un seul coup, faisant d\'elle un Stand très dangereux à défier. Non seulement ses bombes sont-elles puissantes, mais Kira est aussi en mesure d\'en déployer initialement deux, puis éventuellement trois types de bombes ayant des effets variés, donnant au tueur en série une large gamme d\'options quand il fait face à ses opposants.\r\n\r\nKiller Queen peut transformer n\'importe quel objet, fut-il inanimé ou pas, en bombe par simple contact.\r\n\r\nUne fois qu\'une cible a touché l\'objet, Killer Queen peut la faire détoner en positionnant son pouce droit sur la phalange centrale de son index, en refermant la main, d\'une manière similaire à l\'actionnement d\'un détonateur manuel; la charge explosive se déplace alors à travers le corps de la cible avant de détonner. De plus, Killer Queen peut directement faire exploser la cible chargée, ce qui a été d\'ailleurs démontré lors du combat final contre Higashikata Josuke avec les bulles d\'air de Stray Cat. Toutefois, si quelqu\'un d\'autre touche la charge avant que Kira ne la détonne, celui-là explosera automatiquement, utilisant ainsi la charge. Ceci peut aussi se faire par contact direct avec Killer Queen ou Kira lui-même, évitant ainsi le processus de chargement de la bombe.\r\n\r\nIl y a plusieurs faiblesses à cette capacité. Premièrement, si Kira ou Killer Queen n\'est pas en mesure de déclencher la détonation de la bombe en refermant son pouce sur le centre de son index, la cible ne peut exploser. Deuxièmement, puisque cette aptitude est comparable à l\'action de bombes incendiaires, aucune explosion ne peut être induite s\'il n\'y a pas d\'air (ou d\'oxygène, à plus forte raison), comme le démontre Stray Cat en désactivant une bombe en créant un vide autour. Finalement, Killer Queen ne peut transmuter en bombe qu\'un seul objet à la fois.\r\n\r\nLa deuxième bombe de Killer Queen, \"Sheer Heart Attack\", se forme à partir de la main droite de Killer Queen, la bombe prend la forme d\'un petit char stylisé de forme sphérique avec 2 chenilles, elle a en guise de tête un petit crâne de chat stylisé rappelant Killer Queen à la différence d\'une dague sur le front et sa mâchoire est mobile. Si elle grimpe sur le corps d\'une personnes, ses chenilles laisseront des empreintes. De plus, tant qu\'elle est active, Kira voit sa main marquée et tout ce que subit Sheer Heart Attack se répercute sur la main droite de Kira. Elle est représentée vert et jaune dans le manga et bleu et noir dans l\'animation.\r\n\r\nBites the Dust est une bombe qui permet de remonter le temps d\'une heure quand la vraie identité de Yoshikage Kira est découverte. Pour cela, il doit faire le même geste que lorsque qu\'il fait détoner une bombe (c\'est - à dire en positionnant son pouce droit sur la phalange centrale de son index, en refermant la main, d\'une manière similaire à l\'actionnement d\'un détonateur manuel).\r\n\r\n', 'https://vignette.wikia.nocookie.net/jjba/images/d/dd/Killer_Queen_AV.png/revision/latest/scale-to-width-down/310?cb=20200717175732&path-prefix=fr'),
(12, 'Love Deluxe', 'Love Deluxe est attachée aux cheveux de Yukako, lui permettant de se développer à différentes longueurs et de bouger avec une force et une dextérité considérables.\r\n\r\nLove Deluxe est assez précis pour que les cheveux puissent lier quelque chose d\'aussi petit qu\'une langue, mais aussi assez puissant pour immobiliser quelqu\'un. En colère, Yukako peut libérer Love Deluxe et faire pousser ses cheveux tellement qu\'ils peuvent couvrir et envahir toute une maison.\r\n\r\nYukako est également capable de tirer des mèches de ses cheveux contre des adversaires, qu\'elle contrôle ensuite librement.\r\n\r\nSes cheveux deviendront blanc si Yukako subit elle-même suffisamment de dégâts ou en abuse.\r\n\r\n', 'https://vignette.wikia.nocookie.net/jjba/images/6/67/Love_Deluxe_color.png/revision/latest/scale-to-width-down/310?cb=20180410155338&path-prefix=fr'),
(13, 'Gold Experience', 'Contrairement à Star Platinum ou Crazy Diamond, Gold Experience n\'est pas doté d\'une grande force physique. Il est tout de même plutôt rapide et même si un coup de poing individuel a à peu près la même force que celui d\'un homme ordinaire, il peut lancer un barrage de coups, à la manière de Star Platinum ou Crazy Diamond. Cependant, Gold Experience possède un pouvoir très polyvalent.\r\n\r\nDon de Vie\r\n\r\nGold Experience peut donner vie à tout ce que ses poings touchent, ce qui se traduit par une variété d\'effets différents.\r\n\r\nL\'utilisation la plus caractéristique de cette capacité est la conversion d\'objets inorganiques en organismes vivants, que ce soit un animal ou une plante. Par exemple, il peut transformer un bagage en grenouille ou un briquet en rose. Les formes de vie peuvent durer longtemps et même à une distance significative de Giorno. Il peut également l\'annuler librement et renvoyer un objet à son état inorganique d\'origine.\r\n\r\nLa vitesse de la transformation varie énormément selon la forme désirée: un objet se transformant en plante verra le processus se réaliser rapidement, mais la transformation en animal prend en général plus de temps. Par exemple, transformer les parties d\'un hélicoptère en un arbre est presque instantané et la transformation est suffisamment solides pour permettre aux branches de percer le métal, mais transformer une bouée de sauvetage en un poisson prend bien plus de temps. Giorno a également instantanément transformé des gouttes de son sang en un essaim de fourmis, laissant supposer que le temps de transformation est proportionnel à la complexité de la forme de vie qu\'il crée.\r\n\r\nGiorno produit fréquemment de petites formes de vie (grenouilles, serpents, mouches) et des plantes dont il n\'a aucun contrôle. Ainsi, lorsqu\'il crée un animal, il doit deviner ce que l\'animal est susceptible de faire pour en profiter. Puisque les animaux n\'agissent pas toujours comme il le prévoit, comme lorsqu\'un serpent se brûle accidentellement sur un briquet, leur utilisation peut s\'avérer préjudiciable. Si les conditions de vie sont totalement inadaptées, telles que des températures d\'environ -100 °C , alors Giorno ne peut pas utiliser son pouvoir de Don de Vie.\r\n\r\nInitialement, lorsque l\'une des formes de vie créées était attaquée, les dommages étaient renvoyés à l\'attaquant. Par exemple, Luca avait essayé de casser une grenouille avec sa pelle seulement pour que sa tête soit défoncée à la place. La transformation a également été présentée à l\'origine de la même manière qu\'un fœtus se développant dans un organisme, mais a finalement été finalisée en tant qu\'objet moulant dans la forme de vie désirée de Giorno.\r\n\r\nTir de Vie\r\n\r\nLa capacité de Gold Experience peut également être appliquée aux individus vivants, ce qui accélère considérablement leur processus de pensée. Quand Bruno Bucciarati a été frappé par un coup de poing de Gold Experience, sa conscience s\'est accélérée à tel point qu\'il a tout perçu comme un mouvement lent. Cependant, son corps n\'a pas suivi la montée de la vitesse et pouvait à peine bouger. Bien que cela augmente aussi les sens de ses victimes, cela signifie également que le corps alors sans défense ressentira une douleur beaucoup plus aiguë et intense pendant une période de temps plus longue pendant laquelle la blessure est prise, habituellement à partir des propres coups de Gold Experience.\r\n\r\nBien qu\'il ne soit montré qu\'une seule fois, Gold Experience peut aussi accélérer la vie d\'une forme de vie existante grâce à ses capacités. Ainsi, il a fait flétrir un arbre et expirer immédiatement à la suite d\'une durée de vie considérablement raccourcie.\r\n\r\nAussi montré une fois est sa capacité à cloner même les organismes. Pendant le combat de Bruno contre Diavolo, Giorno recrée Coco Jumbo de loin, en utilisant sa capacité Stand pour piéger temporairement Diavolo à l\'intérieur de la tortue.\r\n\r\nCréation de chair et d\'organes\r\n\r\nInspiré par la capacité de Baby Face à transformer les parties du corps en cubes inertes, Giorno a découvert qu\'il pouvait faire l\'inverse et créer des parties du corps et des organes singuliers à partir de la matière inorganique. Ainsi, il est capable de guérir de blessures horribles par divers moyens. Dans un cas, il transforme des balles en la chair même qu\'elles ont percée et a fait repoussé l\'une de ses mains à l\'aide d\'une broche.\r\n\r\nCapteur de vie\r\n\r\nGrâce à la maîtrise de Gold Experience sur la vie elle-même, Giorno peut détecter la présence d\'organismes vivants. Giorno lui-même prétend que l\'énergie de la vie existe en \"grappes\". Quand il touche quelqu\'un ou quelque chose, il peut sentir d\'autres formes de vie de l\'intérieur, lui permettant de vérifier si quelqu\'un est vivant ou même de déterminer combien d\'âmes il peut y avoir à l\'intérieur d\'un individu. Il a également prévu de suivre Diavolo en plantant une broche à laquelle il a donné vie sur ce dernier pour le sentir de loin et le traquer.', 'https://vignette.wikia.nocookie.net/jjba/images/1/14/Gold_Experience_color.png/revision/latest?cb=20180417125730&path-prefix=fr'),
(14, 'Sticky Fingers', 'Sticky Fingers est un stand de combat rapproché, sa portée ne dépasse pas les deux mètres. Ses attaques ont un étrange effet, notamment sur les êtres vivants :\r\n\r\nPose de fermeture éclair : En frappant n\'importe quel objet, il peut y insérer une fermeture éclair que lui seul peut ouvrir ou fermer à sa guise. Cela s\'avère bien pratique pour traverser des murs ou cacher des objets.\r\nFrappe de fermeture éclair : Sur les êtres vivants, les fermetures éclairs les désarçonnent, et les empêchent ainsi de se mouvoir correctement, ou de lancer des attaques. Si Sticky Fingers roue de coups sa cible, elle part en morceaux.\r\nRechange : Sticky Fingers peut se servir de son pouvoir sur lui-même pour remplacer un membre du corps trop emdommagé ou affaibli. Cependant, il faut qu\'il aie un bras valide pour utiliser cette technique.\r\nTunnel : Utilisée lors du combat contre Secco, il s\'agit d\'une technique copiée de son stand. Buccellati se déplace sous terre avec un tunnel créé par Sticky Fingers.', 'https://vignette.wikia.nocookie.net/jjba/images/8/82/StickyFingersinfobox.png/revision/latest?cb=20180517092159&path-prefix=fr'),
(15, 'Aerosmith', 'Comme on peut s\'y attendre venant d\'un avion de chasse, Lil\' Bomber peut utiliser tout son armement pour mettre son ennemi en pièces. Il a une assez longue portée (suffisamment pour couvrir une maison) :\r\n\r\nMitraillette à l\'aveugle : Lil\' Bomber provoque un barrage de tirs qui peuvent être équivalents à des tirs de véritable mitraillette (et ce, malgré la petite taile du stand). Cependant, ses tirs ne sont pas très précis. Il est donc plus efficace au corps à corps dans cette situation.\r\nBombe : Il peut larguer des bombes sur son adversaire pour le brûler, et lui appliquer de la fumée (voir Détection du CO2)\r\nDétection du CO2 : Narancia, par le biais d\'un radar, peut détecter toutes les sources de CO2 présentes dans la portée de Lil\' Bomber. Cela regroupe les petites sources comme la respiration des êtres vivants, la fumée ou le feu. Ainsi, il peut trouver facilement sa cible, si elle est dissimulée (même dans l\'eau), et essouflée. Cela peut se retourner contre lui si l\'ennemi est au courant (il peut retenir sa respiration pour être invisible du radar).', 'https://vignette.wikia.nocookie.net/jjba/images/6/66/Aerosmithcolor.png/revision/latest/scale-to-width-down/310?cb=20180414181107&path-prefix=fr'),
(16, 'Sex Pistols', 'Les Sex Pistols sont à eux seuls des stand très faibles qui s\'occupe de la trajectoires des balles tirées et comptent sur l\'adresse de Mista pour infliger des dégâts. Cependant, ils sont très autonomes et ont une longue portée (ils vont aussi loin que les balles peuvent voler). Cela permet à Mista de contrôler le champ de bataille et de recueillir des informations à distance grâce aux Pistols qui espionnent leur ennemi. Si besoin est, les Pistols peuvent prendre eux-mêmes des décisions si une opportunité se présente, surprenant souvent l\'ennemi.\r\n\r\nLes Sex Pistols sont exceptionnellement résistants et peuvent persister même si Mista est retiré. Si tel est le cas, les Pistols peuvent continuer à aider les alliés de Mista.\r\n\r\nGuidage : Quand Mista tire une balle, un Pistols s\'y accroche et peut la guider dans des directions improbables. Il peut même la frapper du pied pour la faire dévier en angle droit.\r\nTir simultané : A l\'aide des Sex Pistols, Mista peut tirer plusieurs balles en \"même temps\" (les Sex Pistols s\'occupent de leur balle respective)\r\nTir à angles multiples : Après avoir positionné les Pistols selon sa stratégie, Mista leur tirer dessus, afin qu\'ils dévient toutes les balles pour frapper l\'angle mort de leur cible.\r\nCommunication : Un Pistols qui a survécu a une attaque ennemie peut avertir les alliés, afin de leur révéler le pouvoir du stand adverse.\r\nNormalement, Mista ne recharge pas son arme lui-même, mais les Sex Pistols le rechargent pour lui. Pour cela, il utilise un revolver à six chambres. Mista peut utiliser n\'importe quel type de pistolet, mais une chambre permet aux pistolets de le recharger à la fois tandis que le rechargement d\'un chargeur de pistolets prend plus de temps. Contrairement au stand de Hol Horse, Sex Pistols n\'a pas d\' arme par défaut et doit toujours avoir besoin d\' une arme et des munitions sinon il est inutile.', 'https://vignette.wikia.nocookie.net/jjba/images/3/34/SexPistolsinfobox.png/revision/latest/scale-to-width-down/310?cb=20180517095732&path-prefix=fr'),
(17, 'Moody Blues', 'Moody Blues n\'est pas très efficace au combat bien qu\'il est la capacité de donner un barrage de coup assez puissant pour propulser un ennemi sur plusieurs mètres, cependant, il est assurément un stand très utile. Il est capable de voir tout les événements passés d\'une personne en effectuant un replay, comme sur un enregistrement vidéo (faisant penser à la reconstitution d\'une scène de crime. Pouvoir surement en lien avec l\'ancienne carrière de policier d\'Abbacchio). Un pouvoir sans nul doute très efficace dans la collecte d\'information.\r\n\r\nReplay :\r\n\r\nMoody Blues peut \"rejouer\" une scène du passé, comme un enregistrement vidéo. Il peut rejouer la scène de n\'importe quelle personne qui était présente sur les lieux. Toutes les paroles de la personne sont retransmises. Il peut aussi manipuler le replay comme bon lui semble comme par exemple en effectuant une \"avance rapide\". Abbacchio ne peut pas contrôler Moody Blues pendant son replay (ce qui l\'expose aux attaques adverses), il faut qu\'il attende la fin pour pouvoir le contrôler à nouveau.', 'https://vignette.wikia.nocookie.net/jjba/images/f/fb/MoodyBluesinfobox.png/revision/latest/scale-to-width-down/310?cb=20180517100803&path-prefix=fr'),
(18, 'Spice Girl', 'Spicy Girl a un pouvoir simple, ce qui laisse libre court à l\'imagination de sa manieuse. Elle est un stand de combat rapproché, sa portée ne dépasse donc pas les deux mètres.\r\n\r\nElasticité : N\'importe quel objet que touche Spicy Girl devient immédiatement élastique (et de surcroît quasiment impossible à détruire)', 'https://vignette.wikia.nocookie.net/jjba/images/7/7f/Spice_Girl_infobox.png/revision/latest/scale-to-width-down/310?cb=20180517101701&path-prefix=fr'),
(19, 'Purple Haze', 'Purple Haze est considéré comme l\'un des Stands les plus puissants de Golden Wind, car son pouvoir est très souvent mortel. Heureusement pour les ennemis, il se bat à courte portée et n\'est pas très précis.\r\n\r\nCapsule : En faisant un mouvement du poing, Purple Haze ouvre une de ses capsules qui libère un virus mortel qui se répand sur 5 mètres. Tout être vivant qui entre en contact avec le virus meurt d\'une infection en moins de 30 secondes. Seule la lumière ou les vaccins peuvent le dissiper.\r\nRafale du virus : Purple Haze provoque une rafale de coups sur sa cible (combinée au virus), la tuant très vite sur le coup.', 'https://vignette.wikia.nocookie.net/jjba/images/9/97/PurpleHazeinfobox.png/revision/latest/scale-to-width-down/310?cb=20180517102015&path-prefix=fr'),
(20, 'King Crimson', 'Coupure temporelle\r\nKing Crimson a la capacité d\'effacer le temps pour une durée de 0,1 à 10 secondes.\r\n\r\nConcrètement, ce pouvoir se manifeste de plusieurs façons et il est le plus complexe dans l\'univers de JoJo (son pouvoir fait toujours polémique parmi les fans). Tout d\'abord, imaginons le temps comme une ligne droite et plaçons-y deux évènements A et B, soit la ligne temporelle : ---A---B---. King Crimson a le pouvoir de supprimer l\'intervalle de temps entre A et B. On passe à ça : ---AB---. En fait, le temps saute de A à B, mais personne ne se souviendra de ce qui aurait dû se passer, à part Diavolo lui-même (c\'est logique puisque le temps étant effacé, on ne peut se souvenir de quelque chose qui n\'a jamais eu lieu, cela ne tient même pas vraiment de la mémoire). Durant un intervalle de temps égal à celui qui sera supprimé, le Boss peut agir normalement durant le temps effacé (même des actions affectant eux même le temps tel que le The World de Dio Brando dans la partie III reste inefficace, car l\'intervalle de temps stoppé reste compris dans celui que supprime King Crimson), il voit aussi les différents mouvements des gens et des Stands tandis que les autres personnes, elles, continuent leurs actions normalement au moment où King Crimson a activé son pouvoir. Lorsque le Stand arrête d\'effacer le temps, les victimes ne se souviennent plus de ce qui s\'est passé.\r\n\r\nLe Boss continue d\'interagir avec l\'environnement, mais seul le résultat de ses actes demeurera (si une balle le traverse, la balle continuera son chemin normalement mais le Boss ne sera pas blessé car il aura effacé le moment où il aurait été touché). Exemple de ce pouvoir : lorsque le Boss se bat, il peut effacer le temps, se déplacer jusqu\'à l\'endroit ou finira le mouvement de sa victime, placer un couteau à cet endroit. Le pouvoir s\'arrêtant, l\'effet sera le même que si la victime s\'était jetée sur le couteau ! Un autre effet est que si le Boss s\'apprête à recevoir un projectile dans les prochaines secondes, il peut effacer le moment où cela arrive. Un point faible est que le Boss ne peut pas attaquer une personne durant le temps effacé. S\'il le fait, le temps ayant été effacé, il ne l\'aura en fait jamais attaqué.', 'https://vignette.wikia.nocookie.net/jjba/images/d/db/King.Crimson.Manga.Infobox.png/revision/latest/scale-to-width-down/310?cb=20170815115903&path-prefix=fr'),
(21, 'The Fool', 'Force :  The Fool est un Stand relativement puissant, capable de briser les os de son adversaire sans trop de difficulté. \"Aussi simple que puissant...\" comme dit Jôtarô lorsqu\'il voit The Fool a l’œuvre.\r\nTransformisme : Iggy peut littéralement modeler The Fool à sa guise pour en faire ce qu\'il désire. Il peut se décomposer pour éviter un coup, puis reprendre forme pour bloquer son adversaire. Il peut aussi se servir de cette capacité comme protection ou alors pour prendre l\'apparence de quelqu\'un.', 'https://vignette.wikia.nocookie.net/jjba/images/9/91/ThefoolJojoAnime.jpg/revision/latest/scale-to-width-down/310?cb=20200710130013&path-prefix=fr'),
(22, 'Emperor', 'Comme il s\'agit d\'un pistolet, Emperor est un stand à longue distance. La faible puissance du Stand le rend plus efficace en combinaison avec un autre manieur de Stand, Hol Horse étant particulièrement démuni au corps à corps.\r\n\r\nGuidage :\r\nLes balles faisant partie du stand, elles peuvent être dirigées dans la direction souhaitée par le manieur. Cela lui permet de tirer sans même voir son adversaire, voir de le poursuivre. Emperor ignore totalement les lois de la physique, pouvant accomplir des tirs impossibles et adopter des trajectoires délirantes.\r\n\r\nAnnulation :\r\nUne autre propriété des balles de Emperor est que, comme elles font partie du Stand, Hol Horse peut les annuler et les faire disparaître sans difficulté. En effet, lorsque Enya le force à se tirer lui même dessus à bout portant, aucune balle ne blesse réellement Hol Horse, qui les annule avant même qu\'elle lui arrive dessus, mimant sa mort.\r\n\r\nPuissance des balles :\r\nLes balles de Hol Horse se revèlent immensémment plus rapides et puissantes que celles d\'un pistolet normal. Elles sont assez puissantes pour détruire des murs et leur vitesse est telle que Silver Chariot a besoin d\'enlever son armure afin d\'être assez rapide pour les parer (chose dont il n\'a pas besoin pour tuer The Hanged Man alors que ce dernier se déplace à la vitesse de la lumière).\r\n\r\nFiche Statistique Anime Emperor\r\nRecul:\r\nEmperor ressemble à un pistolet avec une puissance bien supérieur, mais contrairement à une arme normale n\'a pas de recul permettant à son manieur de réattaquer de nombreuse fois sans avoir à réajuster.', 'https://vignette.wikia.nocookie.net/jjba/images/5/5a/Emperor.Infobox.Manga.png/revision/latest/scale-to-width-down/310?cb=20180523173559&path-prefix=fr');

--
-- Contraintes pour les tables déchargées
--

--
-- Contraintes pour la table `character`
--
ALTER TABLE `character`
  ADD CONSTRAINT `FK_937AB0341080E312` FOREIGN KEY (`stand_name_id`) REFERENCES `stand` (`id`);

--
-- Contraintes pour la table `season_character`
--
ALTER TABLE `season_character`
  ADD CONSTRAINT `FK_1848FEDB1136BE75` FOREIGN KEY (`character_id`) REFERENCES `character` (`id`) ON DELETE CASCADE,
  ADD CONSTRAINT `FK_1848FEDB4EC001D1` FOREIGN KEY (`season_id`) REFERENCES `season` (`id`) ON DELETE CASCADE;
COMMIT;

/*!40101 SET CHARACTER_SET_CLIENT=@OLD_CHARACTER_SET_CLIENT */;
/*!40101 SET CHARACTER_SET_RESULTS=@OLD_CHARACTER_SET_RESULTS */;
/*!40101 SET COLLATION_CONNECTION=@OLD_COLLATION_CONNECTION */;
